design_name,length,hotspot_config,noise,passes_final_filter,scorecard1_upstream_score,scorecard1_upstream_rank,scorecard1_upstream_rank_score,scorecard2_downstream_rank,scorecard2_downstream_score,downstream_status,rank_score_delta
len100_clusterA_noise0__design_13_0_rank4,100,clusterA,0.0,True,0.8641975308641975,1,1.0,26,0.2486772486772486,downstream_complete,-0.7513227513227514
len70_clusterA_noise05__design_19_0_rank0,70,clusterA,0.5,True,0.8456790123456791,2,0.9814814814814815,20,0.365079365079365,downstream_complete,-0.6164021164021165
len100_clusterA_noise0__design_10_0_rank3,100,clusterA,0.0,True,0.8148148148148149,3,0.962962962962963,28,0.1851851851851851,downstream_complete,-0.7777777777777779
len70_clusterA_noise0__design_3_0_rank7,70,clusterA,0.0,True,0.8086419753086421,4,0.9444444444444444,5,0.7195767195767194,downstream_complete,-0.224867724867725
len100_distributed_noise0__design_5_0_rank0,100,distributed,0.0,True,0.7962962962962963,5,0.9259259259259259,2,0.8042328042328043,downstream_complete,-0.12169312169312163
len70_clusterA_noise0__design_16_0_rank5,70,clusterA,0.0,True,0.7839506172839507,6,0.9074074074074074,24,0.2619047619047619,downstream_complete,-0.6455026455026456
len100_distributed_noise0__design_18_0_rank1,100,distributed,0.0,True,0.7716049382716049,7,0.8888888888888888,0,0.0,fell_out,-0.8888888888888888
len70_distributed_noise0__design_17_0_rank1,70,distributed,0.0,True,0.7345679012345679,8,0.8703703703703703,6,0.7063492063492064,downstream_complete,-0.16402116402116396
len100_clusterA_noise0__design_16_0_rank6,100,clusterA,0.0,True,0.7283950617283951,9,0.8518518518518519,1,0.8121693121693123,downstream_complete,-0.03968253968253954
len100_clusterA_noise05__design_3_0_rank2,100,clusterA,0.5,True,0.7037037037037037,10,0.8333333333333334,19,0.3862433862433863,downstream_complete,-0.4470899470899471
len25_clusterA_noise0__design_15_0_rank0,25,clusterA,0.0,True,0.6975308641975309,11,0.8148148148148149,27,0.2116402116402116,downstream_complete,-0.6031746031746033
len70_clusterA_noise0__design_7_0_rank6,70,clusterA,0.0,True,0.6604938271604938,12,0.7962962962962963,21,0.2936507936507936,downstream_complete,-0.5026455026455027
len70_distributed_noise0__design_5_0_rank2,70,distributed,0.0,True,0.6604938271604938,13,0.7777777777777778,22,0.291005291005291,downstream_complete,-0.4867724867724868
len50_distributed_noise0__design_4_0_rank0,50,distributed,0.0,True,0.654320987654321,14,0.7592592592592593,17,0.4206349206349206,downstream_complete,-0.3386243386243387
len25_clusterA_noise0__design_11_0_rank1,25,clusterA,0.0,True,0.6111111111111112,15,0.7407407407407407,16,0.4656084656084656,downstream_complete,-0.2751322751322751
len100_clusterA_noise0__design_9_0_rank8,100,clusterA,0.0,True,0.5987654320987654,16,0.7222222222222222,12,0.5714285714285714,downstream_complete,-0.1507936507936508
len50_clusterB_noise0__design_19_0_rank0,50,clusterB,0.0,True,0.5925925925925926,17,0.7037037037037037,0,0.0,fell_out,-0.7037037037037037
len70_clusterA_noise0__design_10_0_rank1,70,clusterA,0.0,True,0.5925925925925926,18,0.6851851851851851,25,0.2566137566137566,downstream_complete,-0.4285714285714285
len70_clusterB_noise0__design_19_0_rank1,70,clusterB,0.0,True,0.5864197530864197,19,0.6666666666666667,8,0.6534391534391534,downstream_complete,-0.013227513227513366
len70_clusterB_noise0__design_17_0_rank0,70,clusterB,0.0,True,0.5802469135802469,20,0.6481481481481481,15,0.4894179894179893,downstream_complete,-0.15873015873015883
len70_distributed_noise0__design_10_0_rank3,70,distributed,0.0,True,0.5802469135802469,21,0.6296296296296297,11,0.6296296296296297,downstream_complete,0.0
len100_clusterA_noise05__design_14_0_rank3,100,clusterA,0.5,True,0.5802469135802468,22,0.6111111111111112,10,0.634920634920635,downstream_complete,0.023809523809523836
len100_clusterA_noise0__design_6_0_rank1,100,clusterA,0.0,False,0.5617283950617283,23,0.5925925925925926,0,0.0,fell_out,-0.5925925925925926
len50_clusterA_noise0__design_9_0_rank0,50,clusterA,0.0,True,0.5617283950617283,24,0.5740740740740741,23,0.2751322751322752,downstream_complete,-0.2989417989417989
len100_clusterB_noise05__design_0_0_rank1,100,clusterB,0.5,True,0.5246913580246914,25,0.5555555555555556,7,0.671957671957672,downstream_complete,0.1164021164021164
len70_clusterA_noise0__design_1_0_rank0,70,clusterA,0.0,False,0.48765432098765427,26,0.537037037037037,0,0.0,fell_out,-0.537037037037037
len100_distributed_noise0__design_15_0_rank5,100,distributed,0.0,True,0.4753086419753087,27,0.5185185185185186,0,0.0,fell_out,-0.5185185185185186
len100_clusterB_noise05__design_13_0_rank0,100,clusterB,0.5,True,0.46913580246913583,28,0.5,3,0.783068783068783,downstream_complete,0.283068783068783
len100_distributed_noise0__design_3_0_rank3,100,distributed,0.0,False,0.46296296296296297,29,0.4814814814814815,0,0.0,fell_out,-0.4814814814814815
len70_clusterA_noise0__design_18_0_rank4,70,clusterA,0.0,False,0.46296296296296297,30,0.4629629629629629,0,0.0,fell_out,-0.4629629629629629
len70_clusterA_noise0__design_11_0_rank2,70,clusterA,0.0,False,0.46296296296296285,31,0.4444444444444444,0,0.0,fell_out,-0.4444444444444444
len70_clusterB_noise0__design_15_0_rank2,70,clusterB,0.0,True,0.45061728395061723,32,0.42592592592592593,9,0.6455026455026455,downstream_complete,0.21957671957671954
len50_clusterA_noise0__design_6_0_rank1,50,clusterA,0.0,False,0.42283950617283944,33,0.40740740740740744,0,0.0,fell_out,-0.40740740740740744
len70_clusterA_noise05__design_13_0_rank1,70,clusterA,0.5,True,0.42283950617283944,34,0.38888888888888884,14,0.4947089947089947,downstream_complete,0.10582010582010587
len70_clusterA_noise0__design_17_0_rank3,70,clusterA,0.0,False,0.40740740740740744,35,0.37037037037037035,0,0.0,fell_out,-0.37037037037037035
len100_distributed_noise0__design_16_0_rank2,100,distributed,0.0,False,0.4074074074074074,36,0.35185185185185186,0,0.0,fell_out,-0.35185185185185186
len100_clusterA_noise05__design_7_0_rank1,100,clusterA,0.5,False,0.3950617283950617,37,0.33333333333333337,0,0.0,fell_out,-0.33333333333333337
len100_clusterA_noise0__design_7_0_rank5,100,clusterA,0.0,False,0.3950617283950617,38,0.31481481481481477,0,0.0,fell_out,-0.31481481481481477
len70_distributed_noise0__design_18_0_rank0,70,distributed,0.0,False,0.3703703703703703,39,0.2962962962962963,0,0.0,fell_out,-0.2962962962962963
len100_distributed_noise0__design_19_0_rank4,100,distributed,0.0,False,0.35802469135802467,40,0.2777777777777778,0,0.0,fell_out,-0.2777777777777778
len100_clusterA_noise0__design_1_0_rank0,100,clusterA,0.0,False,0.3518518518518519,41,0.2592592592592593,0,0.0,fell_out,-0.2592592592592593
len100_clusterA_noise0__design_15_0_rank2,100,clusterA,0.0,False,0.35185185185185186,42,0.2407407407407407,0,0.0,fell_out,-0.2407407407407407
len100_clusterB_noise0__design_1_0_rank0,100,clusterB,0.0,False,0.34567901234567894,43,0.2222222222222222,0,0.0,fell_out,-0.2222222222222222
len70_clusterB_noise05__design_17_0_rank0,70,clusterB,0.5,True,0.33333333333333326,44,0.20370370370370372,13,0.5608465608465608,downstream_complete,0.3571428571428571
len100_clusterA_noise05__design_6_0_rank0,100,clusterA,0.5,False,0.3024691358024691,45,0.18518518518518523,0,0.0,fell_out,-0.18518518518518523
len50_clusterA_noise05__design_0_0_rank0,50,clusterA,0.5,True,0.2962962962962963,46,0.16666666666666663,4,0.7433862433862434,downstream_complete,0.5767195767195767
len70_distributed_noise05__design_14_0_rank0,70,distributed,0.5,True,0.2901234567901234,47,0.14814814814814814,18,0.417989417989418,downstream_complete,0.2698412698412699
len70_clusterA_noise0__design_13_0_rank8,70,clusterA,0.0,False,0.2839506172839506,48,0.12962962962962965,0,0.0,fell_out,-0.12962962962962965
len70_clusterA_noise0__design_9_0_rank9,70,clusterA,0.0,False,0.2839506172839506,49,0.11111111111111116,0,0.0,fell_out,-0.11111111111111116
len100_clusterA_noise0__design_0_0_rank7,100,clusterA,0.0,False,0.26543209876543206,50,0.09259259259259256,0,0.0,fell_out,-0.09259259259259256
len70_clusterA_noise0__design_19_0_rank10,70,clusterA,0.0,False,0.2469135802469136,51,0.07407407407407407,0,0.0,fell_out,-0.07407407407407407
len50_distributed_noise0__design_18_0_rank2,50,distributed,0.0,False,0.24691358024691357,52,0.05555555555555558,0,0.0,fell_out,-0.05555555555555558
len50_distributed_noise0__design_15_0_rank3,50,distributed,0.0,False,0.24074074074074073,53,0.03703703703703709,0,0.0,fell_out,-0.03703703703703709
len50_clusterA_noise0__design_16_0_rank2,50,clusterA,0.0,False,0.17901234567901225,54,0.01851851851851849,0,0.0,fell_out,-0.01851851851851849
len50_distributed_noise0__design_14_0_rank1,50,distributed,0.0,False,0.13580246913580243,55,0.0,0,0.0,fell_out,0.0
